0;1;1
0;2;1
0;3;1
0;4;1
0;5;1
0;6;1
0;7;1
0;8;1
0;9;1
0;10;1
0;11;1
0;12;1
0;13;1
0;14;1
0;15;1
0;16;1
0;17;1
0;18;1
0;19;1
0;20;1
0;21;1
0;22;1
0;23;1
0;24;1
0;25;1
0;26;1
0;27;1
0;28;1
0;29;1
0;30;1
0;31;1
0;32;1
0;33;1
0;34;1
0;35;1
0;36;1
0;37;1
0;38;1
0;39;1
0;40;1
0;41;1
0;42;1
0;43;1
0;44;1
0;45;1
0;46;1
0;47;1
0;48;1
0;49;1
0;50;1
0;51;1
0;52;1
0;53;1
0;54;1
0;55;1
0;56;1
0;57;1
0;58;1
0;59;1
0;60;1
0;61;1
0;62;1
0;63;1
0;64;1
0;65;1
0;66;1
0;67;1
0;68;1
0;69;1
0;70;1
0;71;1
0;72;1
0;73;1
0;74;1
0;75;1
0;76;1
0;77;1
0;78;1
0;79;1
0;80;1
0;81;1
0;82;1
0;83;1
0;84;1
0;85;1
1;80;1
1;85;1
1;542;1
1;1190;1
2;85;1
3;83;1
3;84;1
3;85;1
3;198;1
4;85;1
5;77;1
5;82;1
5;83;1
5;84;1
5;85;1
5;197;1
5;200;1
5;201;1
6;77;1
6;83;1
7;80;1
7;82;1
7;83;1
7;85;1
8;78;1
8;79;1
8;85;1
9;78;1
9;79;1
9;80;1
9;82;1
9;200;1
10;77;1
10;812;1
11;78;1
11;85;1
11;197;1
12;198;1
13;812;1
14;198;1
14;812;1
15;78;1
15;79;1
15;80;1
15;82;1
15;84;1
15;196;1
15;197;1
15;198;1
15;812;1
16;81;1
16;82;1
16;201;1
16;542;1
17;812;1
18;77;1
18;78;1
18;82;1
18;84;1
18;85;1
18;200;1
18;541;1
19;77;1
19;82;1
19;541;1
19;1190;1
20;85;1
21;812;1
22;85;1
23;85;1
24;82;1
24;85;1
24;199;1
25;81;1
25;85;1
25;198;1
25;541;1
25;542;1
26;77;1
26;78;1
26;80;1
26;82;1
26;83;1
26;84;1
26;85;1
26;196;1
26;197;1
26;198;1
26;199;1
26;200;1
26;541;1
26;542;1
27;85;1
28;85;1
29;85;1
30;85;1
30;1190;1
31;77;1
31;1190;1
32;85;1
33;77;1
33;198;1
33;542;1
34;85;1
34;198;1
34;542;1
35;77;1
35;78;1
35;79;1
35;81;1
35;82;1
35;83;1
35;85;1
35;196;1
35;198;1
35;199;1
35;200;1
35;201;1
35;541;1
35;542;1
36;85;1
37;85;1
38;82;1
38;85;1
39;80;1
39;82;1
39;83;1
39;200;1
39;201;1
39;541;1
40;77;1
40;78;1
40;83;1
40;85;1
40;198;1
40;541;1
40;542;1
41;78;1
41;82;1
41;85;1
42;85;1
43;78;1
43;79;1
43;80;1
43;81;1
43;82;1
43;85;1
43;200;1
43;541;1
43;542;1
44;77;1
44;78;1
44;79;1
44;82;1
44;197;1
45;197;1
45;812;1
46;77;1
46;79;1
46;80;1
46;82;1
46;83;1
46;85;1
46;197;1
46;198;1
46;201;1
46;541;1
46;542;1
47;85;1
48;77;1
48;78;1
48;80;1
48;81;1
48;82;1
48;83;1
48;84;1
48;197;1
48;199;1
48;200;1
48;542;1
49;77;1
49;82;1
49;83;1
50;78;1
50;85;1
51;77;1
51;78;1
51;82;1
51;83;1
51;84;1
51;85;1
51;197;1
51;199;1
51;200;1
51;541;1
52;78;1
52;79;1
52;82;1
52;83;1
52;85;1
52;197;1
52;199;1
53;78;1
53;79;1
53;80;1
53;82;1
53;83;1
53;85;1
53;200;1
53;201;1
53;542;1
53;1190;1
54;78;1
54;79;1
54;85;1
55;78;1
55;79;1
55;82;1
55;85;1
55;541;1
56;77;1
56;81;1
56;83;1
56;84;1
56;85;1
56;197;1
56;200;1
57;77;1
57;78;1
57;79;1
57;82;1
57;83;1
57;85;1
57;197;1
57;198;1
57;541;1
57;542;1
58;77;1
58;78;1
58;80;1
58;81;1
58;82;1
58;83;1
58;84;1
58;85;1
58;197;1
58;199;1
58;200;1
58;201;1
58;541;1
59;77;1
59;82;1
59;83;1
59;84;1
59;85;1
59;199;1
60;77;1
60;81;1
60;83;1
60;85;1
61;77;1
61;82;1
61;83;1
61;85;1
61;197;1
61;199;1
61;200;1
61;541;1
61;542;1
62;77;1
62;78;1
62;79;1
62;80;1
62;81;1
62;82;1
62;83;1
62;84;1
62;85;1
62;196;1
62;197;1
62;198;1
62;200;1
62;201;1
62;541;1
62;542;1
63;77;1
63;78;1
63;79;1
63;80;1
63;81;1
63;83;1
63;84;1
63;85;1
63;198;1
63;542;1
64;77;1
64;78;1
64;80;1
64;81;1
64;82;1
64;83;1
64;85;1
64;198;1
64;201;1
64;541;1
64;542;1
65;83;1
66;77;1
66;83;1
66;84;1
66;85;1
66;197;1
66;198;1
66;200;1
67;83;1
68;77;1
68;78;1
68;80;1
68;81;1
68;82;1
68;83;1
68;84;1
68;85;1
68;197;1
68;198;1
68;199;1
68;200;1
68;201;1
68;541;1
68;542;1
69;85;1
69;542;1
70;77;1
70;198;1
70;812;1
71;198;1
71;542;1
72;77;1
72;198;1
72;542;1
72;812;1
73;77;1
73;78;1
73;79;1
73;80;1
73;82;1
73;83;1
73;85;1
73;196;1
73;197;1
73;199;1
73;200;1
73;542;1
74;78;1
74;79;1
74;80;1
74;85;1
74;196;1
74;197;1
74;199;1
74;200;1
74;201;1
74;541;1
74;1190;1
75;78;1
75;79;1
75;80;1
75;82;1
75;83;1
75;85;1
75;196;1
75;201;1
75;541;1
75;542;1
75;812;1
76;78;1
76;83;1
76;85;1
76;197;1
76;198;1
76;199;1
76;200;1
76;201;1
76;541;1
76;542;1
76;812;1
77;78;1
77;79;1
77;80;1
77;81;1
77;82;1
77;83;1
77;85;1
77;139;1
77;144;1
77;156;1
77;159;1
77;160;1
77;165;1
77;166;1
77;167;1
77;171;1
77;172;1
77;179;1
77;186;1
77;187;1
77;189;1
77;191;1
77;194;1
77;197;1
77;198;1
77;199;1
77;499;1
77;525;1
77;526;1
77;527;1
77;533;1
77;534;1
77;536;1
77;537;1
77;542;1
77;560;1
77;573;1
77;581;1
77;629;1
77;634;1
77;646;1
77;654;1
77;656;1
77;661;1
77;662;1
77;667;1
77;675;1
77;676;1
77;685;1
77;686;1
77;723;1
77;728;1
77;752;1
77;758;1
77;808;1
77;809;1
77;811;1
77;854;1
77;864;1
77;866;1
77;872;1
77;874;1
77;899;1
77;930;1
77;1019;1
77;1095;1
77;1099;1
77;1107;1
77;1116;1
77;1118;1
77;1120;1
77;1131;1
77;1132;1
77;1133;1
77;1135;1
77;1137;1
77;1138;1
77;1142;1
77;1143;1
77;1144;1
77;1146;1
77;1147;1
77;1148;1
77;1152;1
77;1153;1
77;1156;1
77;1158;1
77;1159;1
77;1161;1
77;1164;1
77;1171;1
77;1172;1
77;1173;1
77;1175;1
77;1183;1
77;1193;1
77;1198;1
77;1233;1
77;1252;1
77;1253;1
77;1419;1
77;1483;1
77;1505;1
77;1527;1
77;1593;1
77;1810;1
77;1813;1
77;1821;1
77;1828;1
77;1847;1
77;1852;1
77;1853;1
77;1854;1
77;1856;1
77;1857;1
77;1858;1
77;1859;1
77;1860;1
77;1861;1
77;1862;1
77;1863;1
77;1864;1
77;1865;1
77;1866;1
77;1867;1
77;1868;1
77;1869;1
77;1870;1
77;1871;1
77;1872;1
77;1873;1
78;80;1
78;81;1
78;82;1
78;83;1
78;85;1
78;97;1
78;101;1
78;104;1
78;107;1
78;113;1
78;114;1
78;119;1
78;122;1
78;130;1
78;138;1
78;150;1
78;160;1
78;163;1
78;167;1
78;172;1
78;175;1
78;180;1
78;181;1
78;186;1
78;187;1
78;189;1
78;190;1
78;191;1
78;193;1
78;196;1
78;199;1
78;200;1
78;201;1
78;320;1
78;335;1
78;340;1
78;353;1
78;362;1
78;367;1
78;376;1
78;388;1
78;394;1
78;411;1
78;415;1
78;494;1
78;527;1
78;529;1
78;536;1
78;541;1
78;570;1
78;574;1
78;576;1
78;587;1
78;627;1
78;632;1
78;635;1
78;656;1
78;657;1
78;661;1
78;664;1
78;672;1
78;678;1
78;679;1
78;741;1
78;746;1
78;747;1
78;755;1
78;808;1
78;811;1
78;846;1
78;860;1
78;864;1
78;884;1
78;888;1
78;892;1
78;904;1
78;917;1
78;918;1
78;934;1
78;935;1
78;937;1
78;938;1
78;940;1
78;948;1
78;950;1
78;957;1
78;966;1
78;967;1
78;972;1
78;990;1
78;1098;1
78;1105;1
78;1111;1
78;1121;1
78;1125;1
78;1126;1
78;1127;1
78;1128;1
78;1130;1
78;1134;1
78;1141;1
78;1149;1
78;1150;1
78;1153;1
78;1155;1
78;1157;1
78;1159;1
78;1160;1
78;1162;1
78;1163;1
78;1164;1
78;1167;1
78;1168;1
78;1170;1
78;1172;1
78;1174;1
78;1177;1
78;1178;1
78;1180;1
78;1181;1
78;1182;1
78;1183;1
78;1184;1
78;1185;1
78;1187;1
78;1242;1
78;1260;1
78;1262;1
78;1273;1
78;1277;1
78;1318;1
78;1415;1
78;1426;1
78;1440;1
78;1506;1
78;1507;1
78;1508;1
78;1509;1
78;1510;1
78;1511;1
78;1512;1
78;1517;1
78;1518;1
78;1519;1
78;1524;1
78;1526;1
78;1528;1
78;1532;1
78;1533;1
78;1534;1
78;1535;1
78;1536;1
78;1537;1
78;1538;1
78;1539;1
78;1540;1
78;1541;1
78;1542;1
78;1543;1
78;1544;1
78;1545;1
78;1546;1
78;1547;1
78;1548;1
78;1549;1
78;1550;1
78;1551;1
78;1552;1
78;1553;1
78;1554;1
78;1555;1
78;1556;1
78;1557;1
78;1558;1
78;1559;1
78;1560;1
78;1561;1
78;1562;1
78;1563;1
78;1564;1
78;1565;1
78;1566;1
78;1567;1
78;1568;1
78;1569;1
78;1570;1
78;1571;1
78;1572;1
78;1573;1
78;1574;1
78;1575;1
78;1576;1
78;1577;1
78;1578;1
78;1579;1
78;1580;1
78;1581;1
78;1582;1
78;1583;1
78;1584;1
78;1585;1
78;1586;1
78;1587;1
78;1588;1
78;1589;1
78;1590;1
78;1591;1
78;1592;1
78;1593;1
78;1594;1
78;1595;1
78;1596;1
78;1597;1
78;1598;1
78;1599;1
78;1600;1
78;1601;1
78;1602;1
78;1603;1
78;1604;1
78;1605;1
78;1606;1
78;1607;1
78;1608;1
78;1609;1
78;1610;1
78;1611;1
78;1612;1
78;1613;1
78;1614;1
78;1615;1
78;1616;1
78;1617;1
78;1618;1
78;1619;1
78;1620;1
78;1621;1
78;1622;1
78;1623;1
78;1624;1
78;1625;1
78;1626;1
78;1627;1
78;1628;1
78;1629;1
78;1630;1
78;1631;1
78;1632;1
78;1633;1
78;1634;1
78;1635;1
78;1636;1
78;1637;1
78;1638;1
78;1639;1
78;1640;1
78;1641;1
78;1642;1
78;1643;1
78;1644;1
78;1645;1
78;1646;1
78;1647;1
78;1648;1
78;1649;1
78;1650;1
78;1651;1
78;1652;1
78;1653;1
78;1654;1
78;1655;1
78;1656;1
78;1657;1
78;1658;1
78;1659;1
78;1660;1
78;1661;1
78;1662;1
78;1663;1
78;1664;1
78;1665;1
78;1666;1
78;1667;1
78;1668;1
78;1669;1
78;1670;1
78;1671;1
78;1672;1
78;1673;1
78;1674;1
78;1675;1
78;1676;1
78;1677;1
78;1678;1
78;1679;1
78;1680;1
78;1681;1
78;1682;1
78;1683;1
78;1684;1
78;1685;1
78;1686;1
78;1687;1
78;1688;1
78;1689;1
78;1690;1
78;1691;1
78;1692;1
78;1693;1
78;1694;1
78;1695;1
78;1696;1
78;1697;1
78;1698;1
78;1699;1
78;1700;1
78;1701;1
78;1702;1
78;1703;1
78;1704;1
78;1705;1
78;1706;1
78;1707;1
78;1708;1
78;1709;1
78;1710;1
78;1711;1
78;1712;1
79;80;1
79;82;1
79;83;1
79;85;1
79;95;1
79;100;1
79;101;1
79;104;1
79;106;1
79;119;1
79;130;1
79;138;1
79;150;1
79;172;1
79;175;1
79;180;1
79;187;1
79;189;1
79;191;1
79;193;1
79;199;1
79;317;1
79;328;1
79;335;1
79;340;1
79;347;1
79;353;1
79;362;1
79;365;1
79;396;1
79;424;1
79;527;1
79;574;1
79;576;1
79;632;1
79;635;1
79;655;1
79;659;1
79;661;1
79;678;1
79;708;1
79;728;1
79;808;1
79;860;1
79;864;1
79;875;1
79;878;1
79;884;1
79;934;1
79;938;1
79;957;1
79;990;1
79;1098;1
79;1105;1
79;1111;1
79;1126;1
79;1141;1
79;1149;1
79;1150;1
79;1153;1
79;1162;1
79;1167;1
79;1170;1
79;1171;1
79;1172;1
79;1174;1
79;1178;1
79;1180;1
79;1181;1
79;1182;1
79;1183;1
79;1184;1
79;1185;1
79;1187;1
79;1233;1
79;1242;1
79;1260;1
79;1262;1
79;1318;1
79;1356;1
79;1419;1
79;1440;1
79;1506;1
79;1507;1
79;1508;1
79;1509;1
79;1510;1
79;1511;1
79;1512;1
79;1513;1
79;1514;1
79;1515;1
79;1516;1
79;1517;1
79;1518;1
79;1519;1
79;1520;1
79;1521;1
79;1522;1
79;1523;1
79;1524;1
79;1525;1
79;1526;1
79;1527;1
79;1528;1
79;1529;1
79;1530;1
79;1531;1
79;1532;1
79;1533;1
79;1534;1
79;1535;1
79;1536;1
79;1537;1
79;1538;1
80;82;1
80;83;1
80;91;1
80;92;1
80;96;1
80;107;1
80;176;1
80;189;1
80;200;1
80;201;1
80;224;1
80;256;1
80;269;1
80;320;1
80;325;1
80;332;1
80;345;1
80;368;1
80;386;1
80;480;1
80;710;1
80;741;1
80;794;1
80;811;1
80;875;1
80;952;1
80;1073;1
80;1191;1
80;1225;1
80;1320;1
80;1321;1
80;1322;1
80;1323;1
80;1324;1
80;1325;1
80;1326;1
80;1327;1
80;1328;1
80;1329;1
80;1330;1
80;1331;1
80;1332;1
80;1333;1
80;1334;1
80;1335;1
80;1336;1
80;1337;1
80;1338;1
80;1339;1
80;1340;1
80;1341;1
80;1342;1
80;1343;1
80;1344;1
80;1345;1
80;1346;1
80;1347;1
80;1348;1
80;1349;1
80;1350;1
80;1351;1
80;1352;1
80;1353;1
80;1354;1
80;1355;1
80;1356;1
80;1357;1
80;1358;1
80;1359;1
80;1360;1
80;1361;1
80;1362;1
80;1363;1
80;1364;1
80;1365;1
80;1366;1
80;1367;1
81;83;1
81;85;1
81;145;1
81;149;1
81;156;1
81;159;1
81;160;1
81;165;1
81;170;1
81;171;1
81;172;1
81;177;1
81;180;1
81;181;1
81;182;1
81;185;1
81;186;1
81;187;1
81;197;1
81;257;1
81;464;1
81;496;1
81;519;1
81;531;1
81;537;1
81;542;1
81;557;1
81;560;1
81;650;1
81;654;1
81;662;1
81;720;1
81;723;1
81;803;1
81;807;1
81;809;1
81;811;1
81;920;1
81;1123;1
81;1124;1
81;1172;1
81;1176;1
81;1177;1
81;1198;1
81;1215;1
81;1221;1
81;1244;1
81;1257;1
81;1264;1
81;1265;1
81;1266;1
81;1267;1
81;1268;1
81;1269;1
81;1270;1
81;1271;1
81;1272;1
81;1273;1
81;1274;1
81;1275;1
81;1276;1
81;1277;1
81;1278;1
81;1279;1
81;1280;1
81;1281;1
81;1282;1
81;1283;1
81;1284;1
81;1285;1
81;1286;1
81;1287;1
81;1288;1
81;1289;1
81;1290;1
81;1291;1
81;1292;1
81;1293;1
81;1294;1
81;1295;1
81;1296;1
81;1297;1
81;1298;1
81;1299;1
81;1300;1
81;1301;1
81;1302;1
81;1303;1
81;1304;1
81;1305;1
81;1306;1
81;1307;1
81;1308;1
81;1309;1
81;1310;1
81;1311;1
81;1312;1
81;1313;1
81;1314;1
81;1315;1
81;1316;1
81;1317;1
81;1318;1
81;1319;1
82;83;1
82;84;1
82;85;1
82;86;1
82;89;1
82;104;1
82;113;1
82;130;1
82;143;1
82;151;1
82;154;1
82;156;1
82;159;1
82;162;1
82;164;1
82;165;1
82;166;1
82;168;1
82;169;1
82;170;1
82;172;1
82;173;1
82;174;1
82;178;1
82;179;1
82;180;1
82;182;1
82;183;1
82;184;1
82;185;1
82;186;1
82;187;1
82;189;1
82;191;1
82;195;1
82;197;1
82;198;1
82;200;1
82;201;1
82;223;1
82;237;1
82;238;1
82;241;1
82;247;1
82;248;1
82;255;1
82;256;1
82;258;1
82;269;1
82;285;1
82;294;1
82;302;1
82;345;1
82;353;1
82;378;1
82;465;1
82;474;1
82;477;1
82;480;1
82;482;1
82;484;1
82;485;1
82;495;1
82;498;1
82;505;1
82;515;1
82;516;1
82;517;1
82;518;1
82;519;1
82;520;1
82;526;1
82;527;1
82;531;1
82;533;1
82;534;1
82;536;1
82;537;1
82;541;1
82;542;1
82;544;1
82;548;1
82;549;1
82;550;1
82;551;1
82;553;1
82;554;1
82;555;1
82;557;1
82;560;1
82;563;1
82;564;1
82;565;1
82;566;1
82;569;1
82;570;1
82;571;1
82;573;1
82;601;1
82;613;1
82;622;1
82;623;1
82;625;1
82;632;1
82;641;1
82;648;1
82;650;1
82;658;1
82;659;1
82;660;1
82;661;1
82;662;1
82;670;1
82;673;1
82;684;1
82;685;1
82;701;1
82;708;1
82;710;1
82;715;1
82;719;1
82;721;1
82;722;1
82;723;1
82;729;1
82;732;1
82;735;1
82;743;1
82;746;1
82;791;1
82;794;1
82;798;1
82;803;1
82;809;1
82;810;1
82;811;1
82;819;1
82;826;1
82;828;1
82;835;1
82;854;1
82;859;1
82;862;1
82;863;1
82;866;1
82;868;1
82;876;1
82;920;1
82;940;1
82;1021;1
82;1140;1
82;1147;1
82;1151;1
82;1152;1
82;1164;1
82;1165;1
82;1166;1
82;1172;1
82;1173;1
82;1176;1
82;1177;1
82;1191;1
82;1192;1
82;1193;1
82;1194;1
82;1195;1
82;1196;1
82;1197;1
82;1198;1
82;1199;1
82;1200;1
82;1201;1
82;1202;1
82;1203;1
82;1204;1
82;1205;1
82;1206;1
82;1207;1
82;1208;1
82;1209;1
82;1210;1
82;1211;1
82;1212;1
82;1213;1
82;1214;1
82;1215;1
82;1216;1
82;1217;1
82;1218;1
82;1219;1
82;1220;1
82;1221;1
82;1222;1
82;1223;1
82;1224;1
82;1225;1
82;1226;1
82;1227;1
82;1228;1
82;1229;1
82;1230;1
82;1231;1
82;1232;1
82;1233;1
82;1234;1
82;1235;1
82;1236;1
82;1237;1
82;1238;1
82;1239;1
82;1240;1
82;1241;1
82;1242;1
82;1243;1
82;1244;1
82;1245;1
82;1246;1
82;1247;1
82;1248;1
82;1249;1
82;1250;1
82;1251;1
82;1252;1
82;1253;1
82;1254;1
82;1255;1
82;1256;1
82;1257;1
82;1258;1
82;1259;1
82;1260;1
82;1261;1
82;1262;1
82;1263;1
83;84;1
83;85;1
83;86;1
83;87;1
83;92;1
83;94;1
83;102;1
83;104;1
83;107;1
83;114;1
83;115;1
83;116;1
83;117;1
83;119;1
83;125;1
83;127;1
83;131;1
83;133;1
83;140;1
83;147;1
83;148;1
83;149;1
83;150;1
83;152;1
83;155;1
83;156;1
83;157;1
83;159;1
83;160;1
83;162;1
83;163;1
83;164;1
83;165;1
83;167;1
83;169;1
83;170;1
83;171;1
83;172;1
83;173;1
83;174;1
83;175;1
83;178;1
83;179;1
83;180;1
83;182;1
83;183;1
83;184;1
83;185;1
83;186;1
83;187;1
83;188;1
83;189;1
83;191;1
83;192;1
83;193;1
83;194;1
83;195;1
83;196;1
83;197;1
83;198;1
83;199;1
83;200;1
83;201;1
83;204;1
83;214;1
83;223;1
83;228;1
83;229;1
83;233;1
83;235;1
83;248;1
83;254;1
83;255;1
83;258;1
83;278;1
83;288;1
83;302;1
83;304;1
83;310;1
83;319;1
83;335;1
83;342;1
83;343;1
83;344;1
83;347;1
83;351;1
83;358;1
83;360;1
83;361;1
83;370;1
83;382;1
83;396;1
83;397;1
83;400;1
83;401;1
83;411;1
83;423;1
83;425;1
83;476;1
83;491;1
83;499;1
83;514;1
83;515;1
83;524;1
83;526;1
83;527;1
83;529;1
83;530;1
83;531;1
83;532;1
83;536;1
83;537;1
83;540;1
83;541;1
83;543;1
83;544;1
83;545;1
83;547;1
83;550;1
83;551;1
83;557;1
83;558;1
83;564;1
83;566;1
83;569;1
83;570;1
83;573;1
83;574;1
83;576;1
83;587;1
83;592;1
83;620;1
83;626;1
83;631;1
83;632;1
83;633;1
83;634;1
83;635;1
83;636;1
83;637;1
83;647;1
83;649;1
83;650;1
83;651;1
83;652;1
83;654;1
83;655;1
83;656;1
83;657;1
83;661;1
83;662;1
83;666;1
83;668;1
83;669;1
83;670;1
83;671;1
83;672;1
83;676;1
83;677;1
83;678;1
83;679;1
83;681;1
83;682;1
83;684;1
83;685;1
83;686;1
83;687;1
83;689;1
83;690;1
83;702;1
83;705;1
83;708;1
83;713;1
83;717;1
83;719;1
83;722;1
83;723;1
83;728;1
83;733;1
83;734;1
83;736;1
83;743;1
83;745;1
83;749;1
83;756;1
83;758;1
83;769;1
83;793;1
83;799;1
83;802;1
83;803;1
83;805;1
83;807;1
83;808;1
83;809;1
83;810;1
83;811;1
83;813;1
83;814;1
83;815;1
83;816;1
83;817;1
83;818;1
83;819;1
83;820;1
83;821;1
83;822;1
83;823;1
83;824;1
83;825;1
83;826;1
83;827;1
83;828;1
83;829;1
83;830;1
83;831;1
83;832;1
83;833;1
83;834;1
83;835;1
83;836;1
83;837;1
83;838;1
83;839;1
83;840;1
83;841;1
83;842;1
83;843;1
83;844;1
83;845;1
83;846;1
83;847;1
83;848;1
83;849;1
83;850;1
83;851;1
83;852;1
83;853;1
83;854;1
83;855;1
83;856;1
83;857;1
83;858;1
83;859;1
83;860;1
83;861;1
83;862;1
83;863;1
83;864;1
83;865;1
83;866;1
83;867;1
83;868;1
83;869;1
83;870;1
83;871;1
83;872;1
83;873;1
83;874;1
83;875;1
83;876;1
83;877;1
83;878;1
83;879;1
83;880;1
83;881;1
83;882;1
83;883;1
83;884;1
83;885;1
83;886;1
83;887;1
83;888;1
83;889;1
83;890;1
83;891;1
83;892;1
83;893;1
83;894;1
83;895;1
83;896;1
83;897;1
83;898;1
83;899;1
83;900;1
83;901;1
83;902;1
83;903;1
83;904;1
83;905;1
83;906;1
83;907;1
83;908;1
83;909;1
83;910;1
83;911;1
83;912;1
83;913;1
83;914;1
83;915;1
83;916;1
83;917;1
83;918;1
83;919;1
83;920;1
83;921;1
83;922;1
83;923;1
83;924;1
83;925;1
83;926;1
83;927;1
83;928;1
83;929;1
83;930;1
83;931;1
83;932;1
83;933;1
83;934;1
83;935;1
83;936;1
83;937;1
83;938;1
83;939;1
83;940;1
83;941;1
83;942;1
83;943;1
83;944;1
83;945;1
83;946;1
83;947;1
83;948;1
83;949;1
83;950;1
83;951;1
83;952;1
83;953;1
83;954;1
83;955;1
83;956;1
83;957;1
83;958;1
83;959;1
83;960;1
83;961;1
83;962;1
83;963;1
83;964;1
83;965;1
83;966;1
83;967;1
83;968;1
83;969;1
83;970;1
83;971;1
83;972;1
83;973;1
83;974;1
83;975;1
83;976;1
83;977;1
83;978;1
83;979;1
83;980;1
83;981;1
83;982;1
83;983;1
83;984;1
83;985;1
83;986;1
83;987;1
83;988;1
83;989;1
83;990;1
83;991;1
83;992;1
83;993;1
83;994;1
83;995;1
83;996;1
83;997;1
83;998;1
83;999;1
83;1000;1
83;1001;1
83;1002;1
83;1003;1
83;1004;1
83;1005;1
83;1006;1
83;1007;1
83;1008;1
83;1009;1
83;1010;1
83;1011;1
83;1012;1
83;1013;1
83;1014;1
83;1015;1
83;1016;1
83;1017;1
83;1018;1
83;1019;1
83;1020;1
83;1021;1
83;1022;1
83;1023;1
83;1024;1
83;1025;1
83;1026;1
83;1027;1
83;1028;1
83;1029;1
83;1030;1
83;1031;1
83;1032;1
83;1033;1
83;1034;1
83;1035;1
83;1036;1
83;1037;1
83;1038;1
83;1039;1
83;1040;1
83;1041;1
83;1042;1
83;1043;1
83;1044;1
83;1045;1
83;1046;1
83;1047;1
83;1048;1
83;1049;1
83;1050;1
83;1051;1
83;1052;1
83;1053;1
83;1054;1
83;1055;1
83;1056;1
83;1057;1
83;1058;1
83;1059;1
83;1060;1
83;1061;1
83;1062;1
83;1063;1
83;1064;1
83;1065;1
83;1066;1
83;1067;1
83;1068;1
83;1069;1
83;1070;1
83;1071;1
83;1072;1
83;1073;1
83;1074;1
83;1075;1
83;1076;1
83;1077;1
83;1078;1
83;1079;1
83;1080;1
83;1081;1
83;1082;1
83;1083;1
83;1084;1
83;1085;1
83;1086;1
83;1087;1
83;1088;1
83;1089;1
83;1090;1
83;1091;1
83;1092;1
83;1093;1
83;1094;1
83;1095;1
83;1096;1
83;1097;1
83;1098;1
83;1099;1
83;1100;1
83;1101;1
83;1102;1
83;1103;1
83;1104;1
83;1105;1
83;1106;1
83;1107;1
83;1108;1
83;1109;1
83;1110;1
83;1111;1
83;1112;1
83;1113;1
83;1114;1
83;1115;1
83;1116;1
83;1117;1
83;1118;1
83;1119;1
83;1120;1
83;1121;1
83;1122;1
83;1123;1
83;1124;1
83;1125;1
83;1126;1
83;1127;1
83;1128;1
83;1129;1
83;1130;1
83;1131;1
83;1132;1
83;1133;1
83;1134;1
83;1135;1
83;1136;1
83;1137;1
83;1138;1
83;1139;1
83;1140;1
83;1141;1
83;1142;1
83;1143;1
83;1144;1
83;1145;1
83;1146;1
83;1147;1
83;1148;1
83;1149;1
83;1150;1
83;1151;1
83;1152;1
83;1153;1
83;1154;1
83;1155;1
83;1156;1
83;1157;1
83;1158;1
83;1159;1
83;1160;1
83;1161;1
83;1162;1
83;1163;1
83;1164;1
83;1165;1
83;1166;1
83;1167;1
83;1168;1
83;1169;1
83;1170;1
83;1171;1
83;1172;1
83;1173;1
83;1174;1
83;1175;1
83;1176;1
83;1177;1
83;1178;1
83;1179;1
83;1180;1
83;1181;1
83;1182;1
83;1183;1
83;1184;1
83;1185;1
83;1186;1
83;1187;1
83;1188;1
83;1189;1
83;1190;1
84;85;1
84;89;1
84;93;1
84;97;1
84;130;1
84;156;1
84;160;1
84;163;1
84;164;1
84;172;1
84;173;1
84;174;1
84;177;1
84;178;1
84;180;1
84;181;1
84;182;1
84;184;1
84;185;1
84;186;1
84;187;1
84;191;1
84;194;1
84;195;1
84;196;1
84;197;1
84;198;1
84;199;1
84;200;1
84;201;1
84;214;1
84;225;1
84;228;1
84;258;1
84;269;1
84;320;1
84;345;1
84;354;1
84;362;1
84;364;1
84;514;1
84;522;1
84;531;1
84;538;1
84;539;1
84;541;1
84;543;1
84;552;1
84;560;1
84;561;1
84;566;1
84;569;1
84;570;1
84;571;1
84;578;1
84;640;1
84;653;1
84;669;1
84;671;1
84;680;1
84;684;1
84;685;1
84;690;1
84;691;1
84;692;1
84;693;1
84;694;1
84;695;1
84;696;1
84;697;1
84;698;1
84;699;1
84;700;1
84;701;1
84;702;1
84;703;1
84;704;1
84;705;1
84;706;1
84;707;1
84;708;1
84;709;1
84;710;1
84;711;1
84;712;1
84;713;1
84;714;1
84;715;1
84;716;1
84;717;1
84;718;1
84;719;1
84;720;1
84;721;1
84;722;1
84;723;1
84;724;1
84;725;1
84;726;1
84;727;1
84;728;1
84;729;1
84;730;1
84;731;1
84;732;1
84;733;1
84;734;1
84;735;1
84;736;1
84;737;1
84;738;1
84;739;1
84;740;1
84;741;1
84;742;1
84;743;1
84;744;1
84;745;1
84;746;1
84;747;1
84;748;1
84;749;1
84;750;1
84;751;1
84;752;1
84;753;1
84;754;1
84;755;1
84;756;1
84;757;1
84;758;1
84;759;1
84;760;1
84;761;1
84;762;1
84;763;1
84;764;1
84;765;1
84;766;1
84;767;1
84;768;1
84;769;1
84;770;1
84;771;1
84;772;1
84;773;1
84;774;1
84;775;1
84;776;1
84;777;1
84;778;1
84;779;1
84;780;1
84;781;1
84;782;1
84;783;1
84;784;1
84;785;1
84;786;1
84;787;1
84;788;1
84;789;1
84;790;1
84;791;1
84;792;1
84;793;1
84;794;1
84;795;1
84;796;1
84;797;1
84;798;1
84;799;1
84;800;1
84;801;1
84;802;1
84;803;1
84;804;1
84;805;1
84;806;1
84;807;1
84;808;1
84;809;1
84;810;1
84;811;1
84;812;1
85;86;1
85;87;1
85;88;1
85;89;1
85;90;1
85;91;1
85;92;1
85;93;1
85;94;1
85;95;1
85;96;1
85;97;1
85;98;1
85;99;1
85;100;1
85;101;1
85;102;1
85;103;1
85;104;1
85;105;1
85;106;1
85;107;1
85;108;1
85;109;1
85;110;1
85;111;1
85;112;1
85;113;1
85;114;1
85;115;1
85;116;1
85;117;1
85;118;1
85;119;1
85;120;1
85;121;1
85;122;1
85;123;1
85;124;1
85;125;1
85;126;1
85;127;1
85;128;1
85;129;1
85;130;1
85;131;1
85;132;1
85;133;1
85;134;1
85;135;1
85;136;1
85;137;1
85;138;1
85;139;1
85;140;1
85;141;1
85;142;1
85;143;1
85;144;1
85;145;1
85;146;1
85;147;1
85;148;1
85;149;1
85;150;1
85;151;1
85;152;1
85;153;1
85;154;1
85;155;1
85;156;1
85;157;1
85;158;1
85;159;1
85;160;1
85;161;1
85;162;1
85;163;1
85;164;1
85;165;1
85;166;1
85;167;1
85;168;1
85;169;1
85;170;1
85;171;1
85;172;1
85;173;1
85;174;1
85;175;1
85;176;1
85;177;1
85;178;1
85;179;1
85;180;1
85;181;1
85;182;1
85;183;1
85;184;1
85;185;1
85;186;1
85;187;1
85;188;1
85;189;1
85;190;1
85;191;1
85;192;1
85;193;1
85;194;1
85;195;1
85;196;1
85;197;1
85;198;1
85;199;1
85;200;1
85;201;1
86;198;1
86;201;1
86;542;1
87;196;1
87;201;1
88;541;1
90;198;1
90;201;1
96;200;1
96;542;1
99;200;1
101;201;1
103;197;1
103;201;1
104;197;1
104;198;1
104;542;1
105;197;1
107;196;1
107;197;1
107;198;1
107;201;1
107;812;1
107;1190;1
108;196;1
108;199;1
108;812;1
109;201;1
110;199;1
111;201;1
112;198;1
113;197;1
113;200;1
113;201;1
113;541;1
114;196;1
114;197;1
114;199;1
114;812;1
114;1190;1
115;199;1
115;812;1
116;1190;1
117;1190;1
118;198;1
119;198;1
119;199;1
119;542;1
120;812;1
121;812;1
124;541;1
125;198;1
125;200;1
125;201;1
125;541;1
125;812;1
126;198;1
127;542;1
128;1190;1
129;812;1
130;199;1
130;200;1
131;197;1
134;812;1
135;200;1
136;812;1
137;812;1
140;199;1
140;201;1
140;1190;1
141;200;1
141;201;1
143;196;1
143;200;1
145;198;1
145;542;1
147;541;1
147;812;1
149;197;1
149;198;1
149;199;1
149;542;1
149;812;1
150;200;1
150;541;1
152;198;1
153;198;1
153;199;1
153;200;1
153;201;1
154;542;1
155;198;1
155;201;1
155;542;1
156;199;1
156;200;1
156;201;1
156;541;1
157;198;1
158;201;1
159;197;1
159;198;1
159;201;1
159;542;1
160;198;1
160;542;1
161;200;1
162;196;1
162;197;1
162;200;1
162;201;1
162;541;1
164;196;1
164;197;1
164;198;1
164;199;1
164;200;1
164;201;1
164;541;1
164;542;1
165;198;1
165;201;1
165;542;1
166;197;1
166;200;1
166;201;1
166;812;1
167;196;1
167;199;1
167;200;1
167;541;1
168;200;1
169;200;1
170;197;1
170;200;1
171;197;1
171;198;1
171;200;1
171;201;1
171;542;1
172;196;1
172;197;1
172;199;1
172;200;1
172;541;1
172;542;1
173;197;1
173;198;1
173;199;1
173;200;1
173;201;1
173;541;1
173;542;1
174;199;1
174;200;1
174;201;1
174;541;1
177;197;1
177;201;1
178;197;1
178;541;1
178;812;1
179;197;1
179;200;1
179;201;1
179;541;1
179;542;1
181;542;1
182;197;1
182;198;1
182;199;1
182;541;1
182;542;1
183;197;1
183;198;1
183;199;1
183;200;1
183;201;1
184;197;1
184;199;1
184;200;1
184;201;1
185;197;1
185;198;1
185;200;1
185;201;1
185;541;1
185;542;1
186;196;1
186;197;1
186;198;1
186;199;1
186;200;1
186;201;1
186;541;1
186;542;1
187;199;1
187;200;1
187;541;1
187;542;1
188;196;1
188;197;1
188;199;1
188;200;1
189;197;1
190;196;1
190;197;1
190;198;1
190;199;1
190;200;1
190;201;1
190;541;1
190;1190;1
191;197;1
191;199;1
191;200;1
191;541;1
191;812;1
192;196;1
192;199;1
192;200;1
192;541;1
193;200;1
193;541;1
194;197;1
194;199;1
194;200;1
194;541;1
195;196;1
195;197;1
195;199;1
195;200;1
195;201;1
195;541;1
196;197;1
196;198;1
196;199;1
196;200;1
196;201;1
196;204;1
196;248;1
196;304;1
196;338;1
196;423;1
196;522;1
196;524;1
196;532;1
196;539;1
196;540;1
196;547;1
196;568;1
196;580;1
196;610;1
196;619;1
196;628;1
196;635;1
196;647;1
196;653;1
196;666;1
196;673;1
196;677;1
196;680;1
196;683;1
196;685;1
196;700;1
196;721;1
196;731;1
196;733;1
196;736;1
196;737;1
196;742;1
196;774;1
196;814;1
196;816;1
196;825;1
196;831;1
196;836;1
196;841;1
196;862;1
196;880;1
196;884;1
196;909;1
196;912;1
196;934;1
196;1088;1
196;1096;1
196;1127;1
196;1157;1
196;1193;1
196;1202;1
196;1223;1
196;1228;1
196;1232;1
196;1236;1
196;1246;1
196;1247;1
196;1381;1
196;1440;1
196;1441;1
196;1510;1
196;1535;1
196;1630;1
196;1867;1
196;1868;1
196;1874;1
196;1875;1
196;1876;1
196;1877;1
196;1878;1
196;1879;1
196;1880;1
196;1881;1
196;1882;1
196;1883;1
196;1884;1
196;1885;1
196;1886;1
196;1887;1
196;1888;1
196;1889;1
196;1890;1
196;1891;1
196;1892;1
196;1893;1
196;1894;1
196;1895;1
196;1896;1
196;1897;1
196;1898;1
196;1899;1
196;1900;1
196;1901;1
196;1902;1
196;1903;1
196;1904;1
196;1905;1
196;1906;1
196;1907;1
196;1908;1
196;1909;1
196;1910;1
196;1911;1
196;1912;1
196;1913;1
196;1914;1
196;1915;1
196;1916;1
196;1917;1
196;1918;1
196;1919;1
196;1920;1
196;1921;1
196;1922;1
196;1923;1
196;1924;1
196;1925;1
196;1926;1
196;1927;1
196;1928;1
196;1929;1
196;1930;1
196;1931;1
196;1932;1
196;1933;1
196;1934;1
196;1935;1
196;1936;1
196;1937;1
196;1938;1
196;1939;1
196;1940;1
196;1941;1
196;1942;1
196;1943;1
196;1944;1
196;1945;1
196;1946;1
196;1947;1
196;1948;1
196;1949;1
196;1950;1
196;1951;1
196;1952;1
196;1953;1
196;1954;1
196;1955;1
196;1956;1
196;1957;1
196;1958;1
196;1959;1
196;1960;1
196;1961;1
196;1962;1
196;1963;1
196;1964;1
196;1965;1
196;1966;1
196;1967;1
196;1968;1
196;1969;1
196;1970;1
196;1971;1
196;1972;1
196;1973;1
196;1974;1
196;1975;1
196;1976;1
196;1977;1
196;1978;1
196;1979;1
196;1980;1
196;1981;1
196;1982;1
196;1983;1
196;1984;1
196;1985;1
196;1986;1
196;1987;1
196;1988;1
196;1989;1
196;1990;1
196;1991;1
196;1992;1
196;1993;1
196;1994;1
196;1995;1
196;1996;1
196;1997;1
196;1998;1
196;1999;1
196;2000;1
196;2001;1
196;2002;1
196;2003;1
196;2004;1
196;2005;1
196;2006;1
196;2007;1
196;2008;1
196;2009;1
196;2010;1
196;2011;1
196;2012;1
196;2013;1
196;2014;1
196;2015;1
196;2016;1
196;2017;1
197;198;1
197;199;1
197;200;1
197;201;1
197;226;1
197;247;1
197;258;1
197;352;1
197;399;1
197;475;1
197;487;1
197;503;1
197;516;1
197;522;1
197;529;1
197;531;1
197;536;1
197;537;1
197;538;1
197;540;1
197;541;1
197;553;1
197;559;1
197;564;1
197;570;1
197;571;1
197;583;1
197;588;1
197;625;1
197;630;1
197;634;1
197;639;1
197;641;1
197;642;1
197;658;1
197;667;1
197;671;1
197;674;1
197;679;1
197;684;1
197;685;1
197;697;1
197;707;1
197;715;1
197;716;1
197;719;1
197;720;1
197;721;1
197;723;1
197;729;1
197;741;1
197;746;1
197;760;1
197;764;1
197;788;1
197;791;1
197;794;1
197;796;1
197;797;1
197;800;1
197;801;1
197;804;1
197;805;1
197;806;1
197;810;1
197;812;1
197;822;1
197;824;1
197;844;1
197;848;1
197;855;1
197;857;1
197;862;1
197;947;1
197;952;1
197;971;1
197;997;1
197;1040;1
197;1115;1
197;1145;1
197;1151;1
197;1161;1
197;1179;1
197;1185;1
197;1186;1
197;1193;1
197;1198;1
197;1202;1
197;1205;1
197;1209;1
197;1214;1
197;1217;1
197;1219;1
197;1221;1
197;1223;1
197;1226;1
197;1254;1
197;1255;1
197;1256;1
197;1501;1
197;1508;1
197;1568;1
197;1777;1
197;1780;1
197;1851;1
197;1898;1
197;2026;1
197;2041;1
197;2052;1
197;2053;1
197;2054;1
197;2061;1
197;2078;1
197;2079;1
197;2170;1
197;2208;1
197;2253;1
197;2268;1
197;2276;1
197;2282;1
197;2284;1
197;2289;1
197;2294;1
197;2297;1
197;2298;1
197;2299;1
197;2303;1
197;2304;1
197;2305;1
197;2307;1
197;2308;1
197;2320;1
197;2342;1
197;2345;1
197;2405;1
197;2415;1
197;2416;1
197;2417;1
197;2418;1
198;199;1
198;200;1
198;201;1
198;214;1
198;219;1
198;223;1
198;225;1
198;228;1
198;234;1
198;236;1
198;237;1
198;245;1
198;248;1
198;253;1
198;256;1
198;275;1
198;295;1
198;299;1
198;302;1
198;303;1
198;305;1
198;312;1
198;321;1
198;345;1
198;347;1
198;348;1
198;352;1
198;364;1
198;371;1
198;374;1
198;391;1
198;403;1
198;418;1
198;450;1
198;453;1
198;458;1
198;462;1
198;467;1
198;468;1
198;470;1
198;471;1
198;479;1
198;486;1
198;487;1
198;489;1
198;496;1
198;497;1
198;510;1
198;513;1
198;519;1
198;523;1
198;524;1
198;525;1
198;526;1
198;534;1
198;535;1
198;539;1
198;541;1
198;542;1
198;557;1
198;568;1
198;611;1
198;615;1
198;623;1
198;635;1
198;638;1
198;658;1
198;662;1
198;685;1
198;686;1
198;687;1
198;733;1
198;817;1
198;834;1
198;854;1
198;859;1
198;863;1
198;872;1
198;873;1
198;875;1
198;878;1
198;884;1
198;891;1
198;892;1
198;894;1
198;895;1
198;899;1
198;909;1
198;915;1
198;920;1
198;934;1
198;937;1
198;965;1
198;994;1
198;1021;1
198;1024;1
198;1076;1
198;1077;1
198;1079;1
198;1094;1
198;1095;1
198;1123;1
198;1124;1
198;1138;1
198;1140;1
198;1141;1
198;1152;1
198;1170;1
198;1171;1
198;1173;1
198;1205;1
198;1210;1
198;1221;1
198;1250;1
198;1259;1
198;1329;1
198;1342;1
198;1410;1
198;1415;1
198;1435;1
198;1446;1
198;1510;1
198;1516;1
198;1520;1
198;1521;1
198;1522;1
198;1523;1
198;1529;1
198;1593;1
198;1614;1
198;1679;1
198;1713;1
198;1714;1
198;1715;1
198;1716;1
198;1717;1
198;1718;1
198;1719;1
198;1720;1
198;1721;1
198;1722;1
198;1723;1
198;1724;1
198;1725;1
198;1726;1
198;1727;1
198;1728;1
198;1729;1
198;1730;1
198;1731;1
198;1732;1
198;1733;1
198;1734;1
198;1735;1
198;1736;1
198;1737;1
198;1738;1
198;1739;1
198;1740;1
198;1741;1
198;1742;1
198;1743;1
198;1744;1
198;1745;1
198;1746;1
198;1747;1
198;1748;1
198;1749;1
198;1750;1
198;1751;1
198;1752;1
198;1753;1
198;1754;1
198;1755;1
198;1756;1
198;1757;1
198;1758;1
198;1759;1
198;1760;1
198;1761;1
198;1762;1
198;1763;1
198;1764;1
198;1765;1
198;1766;1
198;1767;1
198;1768;1
198;1769;1
198;1770;1
198;1771;1
198;1772;1
198;1773;1
198;1774;1
198;1775;1
198;1776;1
198;1777;1
198;1778;1
198;1779;1
198;1780;1
198;1781;1
198;1782;1
198;1783;1
198;1784;1
198;1785;1
198;1786;1
198;1787;1
198;1788;1
198;1789;1
198;1790;1
198;1791;1
198;1792;1
198;1793;1
198;1794;1
198;1795;1
198;1796;1
198;1797;1
198;1798;1
198;1799;1
198;1800;1
198;1801;1
198;1802;1
198;1803;1
198;1804;1
198;1805;1
198;1806;1
198;1807;1
198;1808;1
198;1809;1
198;1810;1
198;1811;1
198;1812;1
198;1813;1
198;1814;1
198;1815;1
198;1816;1
198;1817;1
198;1818;1
198;1819;1
198;1820;1
198;1821;1
198;1822;1
198;1823;1
198;1824;1
198;1825;1
198;1826;1
198;1827;1
198;1828;1
198;1829;1
198;1830;1
198;1831;1
198;1832;1
198;1833;1
198;1834;1
198;1835;1
198;1836;1
198;1837;1
198;1838;1
198;1839;1
198;1840;1
198;1841;1
198;1842;1
198;1843;1
198;1844;1
198;1845;1
198;1846;1
198;1847;1
198;1848;1
198;1849;1
198;1850;1
198;1851;1
198;1852;1
198;1853;1
198;1854;1
198;1855;1
198;1856;1
198;1857;1
198;1858;1
198;1859;1
199;200;1
199;201;1
199;223;1
199;248;1
199;258;1
199;269;1
199;293;1
199;319;1
199;345;1
199;346;1
199;349;1
199;352;1
199;362;1
199;368;1
199;381;1
199;383;1
199;396;1
199;480;1
199;488;1
199;507;1
199;513;1
199;514;1
199;515;1
199;524;1
199;532;1
199;535;1
199;537;1
199;539;1
199;540;1
199;541;1
199;543;1
199;544;1
199;545;1
199;546;1
199;552;1
199;553;1
199;574;1
199;576;1
199;578;1
199;582;1
199;592;1
199;617;1
199;619;1
199;624;1
199;633;1
199;635;1
199;644;1
199;652;1
199;659;1
199;663;1
199;666;1
199;671;1
199;677;1
199;678;1
199;680;1
199;681;1
199;683;1
199;684;1
199;686;1
199;688;1
199;690;1
199;694;1
199;731;1
199;744;1
199;746;1
199;769;1
199;794;1
199;802;1
199;816;1
199;818;1
199;820;1
199;823;1
199;830;1
199;910;1
199;945;1
199;957;1
199;1001;1
199;1105;1
199;1141;1
199;1167;1
199;1170;1
199;1172;1
199;1185;1
199;1219;1
199;1234;1
199;1240;1
199;1242;1
199;1342;1
199;1368;1
199;1369;1
199;1370;1
199;1371;1
199;1372;1
199;1373;1
199;1374;1
199;1375;1
199;1376;1
199;1377;1
199;1378;1
199;1379;1
199;1380;1
199;1381;1
199;1382;1
199;1383;1
199;1384;1
199;1385;1
199;1386;1
199;1387;1
199;1388;1
199;1389;1
199;1390;1
199;1391;1
199;1392;1
199;1393;1
199;1394;1
199;1395;1
199;1396;1
199;1397;1
199;1398;1
199;1399;1
199;1400;1
199;1401;1
199;1402;1
199;1403;1
199;1404;1
199;1405;1
199;1406;1
199;1407;1
199;1408;1
199;1409;1
199;1410;1
199;1411;1
199;1412;1
199;1413;1
199;1414;1
199;1415;1
199;1416;1
199;1417;1
199;1418;1
199;1419;1
199;1420;1
199;1421;1
199;1422;1
199;1423;1
199;1424;1
199;1425;1
199;1426;1
199;1427;1
199;1428;1
199;1429;1
199;1430;1
199;1431;1
199;1432;1
199;1433;1
199;1434;1
199;1435;1
199;1436;1
199;1437;1
199;1438;1
199;1439;1
199;1440;1
199;1441;1
199;1442;1
199;1443;1
199;1444;1
199;1445;1
199;1446;1
199;1447;1
199;1448;1
199;1449;1
199;1450;1
199;1451;1
199;1452;1
199;1453;1
199;1454;1
199;1455;1
199;1456;1
199;1457;1
199;1458;1
199;1459;1
199;1460;1
199;1461;1
199;1462;1
199;1463;1
199;1464;1
199;1465;1
199;1466;1
199;1467;1
199;1468;1
199;1469;1
199;1470;1
199;1471;1
199;1472;1
199;1473;1
199;1474;1
199;1475;1
199;1476;1
199;1477;1
199;1478;1
199;1479;1
199;1480;1
199;1481;1
199;1482;1
199;1483;1
199;1484;1
199;1485;1
199;1486;1
199;1487;1
199;1488;1
199;1489;1
199;1490;1
199;1491;1
199;1492;1
199;1493;1
199;1494;1
199;1495;1
199;1496;1
199;1497;1
199;1498;1
199;1499;1
199;1500;1
199;1501;1
199;1502;1
199;1503;1
199;1504;1
199;1505;1
200;201;1
200;213;1
200;225;1
200;237;1
200;247;1
200;253;1
200;256;1
200;257;1
200;258;1
200;269;1
200;286;1
200;301;1
200;319;1
200;431;1
200;474;1
200;485;1
200;496;1
200;497;1
200;507;1
200;510;1
200;516;1
200;517;1
200;519;1
200;524;1
200;528;1
200;530;1
200;531;1
200;532;1
200;535;1
200;538;1
200;540;1
200;541;1
200;542;1
200;543;1
200;544;1
200;545;1
200;546;1
200;547;1
200;548;1
200;549;1
200;550;1
200;551;1
200;552;1
200;553;1
200;554;1
200;555;1
200;556;1
200;557;1
200;558;1
200;559;1
200;560;1
200;561;1
200;562;1
200;563;1
200;564;1
200;565;1
200;566;1
200;567;1
200;568;1
200;569;1
200;570;1
200;571;1
200;572;1
200;573;1
200;574;1
200;575;1
200;576;1
200;577;1
200;578;1
200;579;1
200;580;1
200;581;1
200;582;1
200;583;1
200;584;1
200;585;1
200;586;1
200;587;1
200;588;1
200;589;1
200;590;1
200;591;1
200;592;1
200;593;1
200;594;1
200;595;1
200;596;1
200;597;1
200;598;1
200;599;1
200;600;1
200;601;1
200;602;1
200;603;1
200;604;1
200;605;1
200;606;1
200;607;1
200;608;1
200;609;1
200;610;1
200;611;1
200;612;1
200;613;1
200;614;1
200;615;1
200;616;1
200;617;1
200;618;1
200;619;1
200;620;1
200;621;1
200;622;1
200;623;1
200;624;1
200;625;1
200;626;1
200;627;1
200;628;1
200;629;1
200;630;1
200;631;1
200;632;1
200;633;1
200;634;1
200;635;1
200;636;1
200;637;1
200;638;1
200;639;1
200;640;1
200;641;1
200;642;1
200;643;1
200;644;1
200;645;1
200;646;1
200;647;1
200;648;1
200;649;1
200;650;1
200;651;1
200;652;1
200;653;1
200;654;1
200;655;1
200;656;1
200;657;1
200;658;1
200;659;1
200;660;1
200;661;1
200;662;1
200;663;1
200;664;1
200;665;1
200;666;1
200;667;1
200;668;1
200;669;1
200;670;1
200;671;1
200;672;1
200;673;1
200;674;1
200;675;1
200;676;1
200;677;1
200;678;1
200;679;1
200;680;1
200;681;1
200;682;1
200;683;1
200;684;1
200;685;1
200;686;1
200;687;1
200;688;1
200;689;1
201;202;1
201;203;1
201;204;1
201;205;1
201;206;1
201;207;1
201;208;1
201;209;1
201;210;1
201;211;1
201;212;1
201;213;1
201;214;1
201;215;1
201;216;1
201;217;1
201;218;1
201;219;1
201;220;1
201;221;1
201;222;1
201;223;1
201;224;1
201;225;1
201;226;1
201;227;1
201;228;1
201;229;1
201;230;1
201;231;1
201;232;1
201;233;1
201;234;1
201;235;1
201;236;1
201;237;1
201;238;1
201;239;1
201;240;1
201;241;1
201;242;1
201;243;1
201;244;1
201;245;1
201;246;1
201;247;1
201;248;1
201;249;1
201;250;1
201;251;1
201;252;1
201;253;1
201;254;1
201;255;1
201;256;1
201;257;1
201;258;1
201;259;1
201;260;1
201;261;1
201;262;1
201;263;1
201;264;1
201;265;1
201;266;1
201;267;1
201;268;1
201;269;1
201;270;1
201;271;1
201;272;1
201;273;1
201;274;1
201;275;1
201;276;1
201;277;1
201;278;1
201;279;1
201;280;1
201;281;1
201;282;1
201;283;1
201;284;1
201;285;1
201;286;1
201;287;1
201;288;1
201;289;1
201;290;1
201;291;1
201;292;1
201;293;1
201;294;1
201;295;1
201;296;1
201;297;1
201;298;1
201;299;1
201;300;1
201;301;1
201;302;1
201;303;1
201;304;1
201;305;1
201;306;1
201;307;1
201;308;1
201;309;1
201;310;1
201;311;1
201;312;1
201;313;1
201;314;1
201;315;1
201;316;1
201;317;1
201;318;1
201;319;1
201;320;1
201;321;1
201;322;1
201;323;1
201;324;1
201;325;1
201;326;1
201;327;1
201;328;1
201;329;1
201;330;1
201;331;1
201;332;1
201;333;1
201;334;1
201;335;1
201;336;1
201;337;1
201;338;1
201;339;1
201;340;1
201;341;1
201;342;1
201;343;1
201;344;1
201;345;1
201;346;1
201;347;1
201;348;1
201;349;1
201;350;1
201;351;1
201;352;1
201;353;1
201;354;1
201;355;1
201;356;1
201;357;1
201;358;1
201;359;1
201;360;1
201;361;1
201;362;1
201;363;1
201;364;1
201;365;1
201;366;1
201;367;1
201;368;1
201;369;1
201;370;1
201;371;1
201;372;1
201;373;1
201;374;1
201;375;1
201;376;1
201;377;1
201;378;1
201;379;1
201;380;1
201;381;1
201;382;1
201;383;1
201;384;1
201;385;1
201;386;1
201;387;1
201;388;1
201;389;1
201;390;1
201;391;1
201;392;1
201;393;1
201;394;1
201;395;1
201;396;1
201;397;1
201;398;1
201;399;1
201;400;1
201;401;1
201;402;1
201;403;1
201;404;1
201;405;1
201;406;1
201;407;1
201;408;1
201;409;1
201;410;1
201;411;1
201;412;1
201;413;1
201;414;1
201;415;1
201;416;1
201;417;1
201;418;1
201;419;1
201;420;1
201;421;1
201;422;1
201;423;1
201;424;1
201;425;1
201;426;1
201;427;1
201;428;1
201;429;1
201;430;1
201;431;1
201;432;1
201;433;1
201;434;1
201;435;1
201;436;1
201;437;1
201;438;1
201;439;1
201;440;1
201;441;1
201;442;1
201;443;1
201;444;1
201;445;1
201;446;1
201;447;1
201;448;1
201;449;1
201;450;1
201;451;1
201;452;1
201;453;1
201;454;1
201;455;1
201;456;1
201;457;1
201;458;1
201;459;1
201;460;1
201;461;1
201;462;1
201;463;1
201;464;1
201;465;1
201;466;1
201;467;1
201;468;1
201;469;1
201;470;1
201;471;1
201;472;1
201;473;1
201;474;1
201;475;1
201;476;1
201;477;1
201;478;1
201;479;1
201;480;1
201;481;1
201;482;1
201;483;1
201;484;1
201;485;1
201;486;1
201;487;1
201;488;1
201;489;1
201;490;1
201;491;1
201;492;1
201;493;1
201;494;1
201;495;1
201;496;1
201;497;1
201;498;1
201;499;1
201;500;1
201;501;1
201;502;1
201;503;1
201;504;1
201;505;1
201;506;1
201;507;1
201;508;1
201;509;1
201;510;1
201;511;1
201;512;1
201;513;1
201;514;1
201;515;1
201;516;1
201;517;1
201;518;1
201;519;1
201;520;1
201;521;1
201;522;1
201;523;1
201;524;1
201;525;1
201;526;1
201;527;1
201;528;1
201;529;1
201;530;1
201;531;1
201;532;1
201;533;1
201;534;1
201;535;1
201;536;1
201;537;1
201;538;1
201;539;1
201;540;1
201;541;1
201;542;1
204;541;1
206;1190;1
223;542;1
225;542;1
226;812;1
228;541;1
228;542;1
234;542;1
234;1190;1
237;542;1
239;541;1
244;542;1
247;541;1
248;541;1
248;812;1
256;542;1
258;541;1
290;542;1
294;812;1
303;542;1
303;1190;1
304;1190;1
307;812;1
324;812;1
329;812;1
332;1190;1
341;812;1
342;542;1
342;812;1
344;1190;1
345;542;1
346;812;1
352;812;1
360;812;1
364;812;1
365;812;1
368;812;1
370;812;1
370;1190;1
379;1190;1
387;1190;1
392;542;1
396;812;1
396;1190;1
400;1190;1
402;1190;1
410;812;1
415;812;1
423;812;1
438;812;1
441;542;1
445;812;1
457;542;1
458;812;1
459;1190;1
461;812;1
469;812;1
474;542;1
480;812;1
482;542;1
487;542;1
487;812;1
488;541;1
491;812;1
496;542;1
502;542;1
506;541;1
507;812;1
510;542;1
512;812;1
513;542;1
515;541;1
515;542;1
516;541;1
523;812;1
524;541;1
525;542;1
526;542;1
527;542;1
530;541;1
534;542;1
538;541;1
539;541;1
540;541;1
541;542;1
541;543;1
541;544;1
541;553;1
541;555;1
541;560;1
541;564;1
541;568;1
541;570;1
541;571;1
541;572;1
541;574;1
541;575;1
541;576;1
541;577;1
541;581;1
541;592;1
541;623;1
541;627;1
541;628;1
541;629;1
541;632;1
541;633;1
541;638;1
541;641;1
541;643;1
541;644;1
541;645;1
541;647;1
541;650;1
541;652;1
541;658;1
541;659;1
541;662;1
541;664;1
541;665;1
541;666;1
541;668;1
541;671;1
541;672;1
541;673;1
541;678;1
541;680;1
541;683;1
541;684;1
541;685;1
541;687;1
541;689;1
541;690;1
541;693;1
541;708;1
541;719;1
541;721;1
541;803;1
541;811;1
541;814;1
541;816;1
541;829;1
541;830;1
541;841;1
541;851;1
541;853;1
541;854;1
541;856;1
541;859;1
541;861;1
541;904;1
541;992;1
541;1038;1
541;1092;1
541;1117;1
541;1129;1
541;1136;1
541;1139;1
541;1141;1
541;1152;1
541;1157;1
541;1162;1
541;1173;1
541;1185;1
541;1186;1
541;1191;1
541;1192;1
541;1193;1
541;1195;1
541;1202;1
541;1203;1
541;1207;1
541;1209;1
541;1211;1
541;1213;1
541;1220;1
541;1222;1
541;1263;1
541;1317;1
541;1400;1
541;1538;1
541;1741;1
541;1760;1
541;1778;1
541;1862;1
541;1891;1
541;1893;1
541;1894;1
541;2021;1
541;2034;1
541;2043;1
541;2306;1
541;2309;1
541;2310;1
541;2311;1
541;2312;1
541;2313;1
541;2314;1
541;2315;1
541;2316;1
541;2317;1
541;2318;1
541;2319;1
541;2320;1
541;2321;1
541;2322;1
541;2323;1
541;2324;1
541;2325;1
541;2326;1
541;2327;1
541;2328;1
541;2329;1
541;2330;1
541;2331;1
541;2332;1
541;2333;1
541;2334;1
541;2335;1
541;2336;1
541;2337;1
541;2338;1
541;2339;1
541;2340;1
541;2341;1
541;2342;1
541;2343;1
541;2344;1
541;2345;1
541;2346;1
541;2347;1
541;2348;1
541;2349;1
541;2350;1
541;2351;1
541;2352;1
541;2353;1
541;2354;1
541;2355;1
541;2356;1
541;2357;1
541;2358;1
541;2359;1
541;2360;1
541;2361;1
541;2362;1
541;2363;1
541;2364;1
541;2365;1
541;2366;1
541;2367;1
541;2368;1
541;2369;1
541;2370;1
541;2371;1
541;2372;1
541;2373;1
541;2374;1
541;2375;1
541;2376;1
541;2377;1
541;2378;1
541;2379;1
541;2380;1
541;2381;1
541;2382;1
541;2383;1
541;2384;1
541;2385;1
541;2386;1
541;2387;1
541;2388;1
541;2389;1
541;2390;1
541;2391;1
541;2392;1
541;2393;1
541;2394;1
541;2395;1
541;2396;1
541;2397;1
541;2398;1
541;2399;1
541;2400;1
541;2401;1
541;2402;1
541;2403;1
541;2404;1
541;2405;1
541;2406;1
541;2407;1
542;570;1
542;601;1
542;627;1
542;637;1
542;638;1
542;650;1
542;657;1
542;662;1
542;708;1
542;721;1
542;722;1
542;723;1
542;809;1
542;811;1
542;814;1
542;826;1
542;828;1
542;834;1
542;848;1
542;849;1
542;854;1
542;858;1
542;859;1
542;863;1
542;875;1
542;884;1
542;894;1
542;896;1
542;899;1
542;909;1
542;920;1
542;927;1
542;958;1
542;963;1
542;983;1
542;1008;1
542;1021;1
542;1043;1
542;1067;1
542;1076;1
542;1077;1
542;1079;1
542;1095;1
542;1099;1
542;1100;1
542;1123;1
542;1124;1
542;1131;1
542;1133;1
542;1138;1
542;1140;1
542;1147;1
542;1152;1
542;1156;1
542;1166;1
542;1169;1
542;1171;1
542;1173;1
542;1176;1
542;1177;1
542;1191;1
542;1192;1
542;1197;1
542;1206;1
542;1218;1
542;1227;1
542;1259;1
542;1317;1
542;1483;1
542;1510;1
542;1593;1
542;1638;1
542;1679;1
542;1726;1
542;1731;1
542;1737;1
542;1740;1
542;1751;1
542;1753;1
542;1754;1
542;1758;1
542;1761;1
542;1762;1
542;1771;1
542;1777;1
542;1780;1
542;1782;1
542;1783;1
542;1791;1
542;1792;1
542;1794;1
542;1796;1
542;1806;1
542;1807;1
542;1811;1
542;1816;1
542;1824;1
542;1825;1
542;1826;1
542;1830;1
542;1832;1
542;1833;1
542;1835;1
542;1836;1
542;1838;1
542;1840;1
542;1841;1
542;1848;1
542;1850;1
542;1853;1
542;1854;1
542;1855;1
542;1856;1
542;1857;1
542;1858;1
542;1859;1
542;1865;1
542;1866;1
542;1869;1
542;1871;1
542;1872;1
542;1910;1
542;1949;1
542;2018;1
542;2019;1
542;2020;1
542;2021;1
542;2022;1
542;2023;1
542;2024;1
542;2025;1
543;812;1
557;812;1
558;812;1
561;812;1
572;812;1
578;1190;1
579;1190;1
580;812;1
583;1190;1
588;1190;1
599;812;1
621;812;1
630;812;1
686;812;1
690;812;1
696;812;1
697;812;1
706;812;1
711;812;1
712;812;1
713;812;1
714;812;1
718;812;1
721;812;1
729;812;1
732;812;1
733;812;1
737;812;1
738;812;1
739;1190;1
741;812;1
742;812;1
743;812;1
744;1190;1
745;812;1
745;1190;1
746;812;1
746;1190;1
747;812;1
748;1190;1
750;812;1
751;812;1
755;1190;1
756;812;1
758;812;1
758;1190;1
760;812;1
764;812;1
788;812;1
789;812;1
792;812;1
795;812;1
796;812;1
800;812;1
801;812;1
806;812;1
812;814;1
812;829;1
812;840;1
812;849;1
812;852;1
812;855;1
812;875;1
812;876;1
812;879;1
812;880;1
812;881;1
812;889;1
812;890;1
812;898;1
812;915;1
812;921;1
812;924;1
812;926;1
812;928;1
812;934;1
812;942;1
812;946;1
812;947;1
812;960;1
812;971;1
812;975;1
812;1017;1
812;1040;1
812;1086;1
812;1092;1
812;1119;1
812;1154;1
812;1160;1
812;1171;1
812;1194;1
812;1199;1
812;1201;1
812;1202;1
812;1208;1
812;1209;1
812;1212;1
812;1214;1
812;1219;1
812;1226;1
812;1235;1
812;1237;1
812;1240;1
812;1242;1
812;1249;1
812;1250;1
812;1251;1
812;1254;1
812;1255;1
812;1256;1
812;1258;1
812;1260;1
812;1261;1
812;1334;1
812;1346;1
812;1360;1
812;1364;1
812;1365;1
812;1373;1
812;1424;1
812;1436;1
812;1489;1
812;1497;1
812;1510;1
812;1513;1
812;1514;1
812;1525;1
812;1526;1
812;1527;1
812;1531;1
812;1593;1
812;1616;1
812;1698;1
812;1737;1
812;1750;1
812;1784;1
812;1786;1
812;1788;1
812;1791;1
812;1798;1
812;1800;1
812;1826;1
812;1862;1
812;1863;1
812;1866;1
812;1873;1
812;1930;1
812;1942;1
812;1947;1
812;2023;1
812;2025;1
812;2026;1
812;2027;1
812;2028;1
812;2029;1
812;2030;1
812;2031;1
812;2032;1
812;2033;1
812;2034;1
812;2035;1
812;2036;1
812;2037;1
812;2038;1
812;2039;1
812;2040;1
812;2041;1
812;2042;1
812;2043;1
812;2044;1
812;2045;1
812;2046;1
812;2047;1
812;2048;1
812;2049;1
812;2050;1
812;2051;1
812;2052;1
812;2053;1
812;2054;1
812;2055;1
812;2056;1
812;2057;1
812;2058;1
812;2059;1
812;2060;1
812;2061;1
812;2062;1
812;2063;1
812;2064;1
812;2065;1
812;2066;1
812;2067;1
812;2068;1
812;2069;1
812;2070;1
812;2071;1
812;2072;1
812;2073;1
812;2074;1
812;2075;1
812;2076;1
812;2077;1
812;2078;1
812;2079;1
812;2080;1
812;2081;1
812;2082;1
812;2083;1
812;2084;1
812;2085;1
812;2086;1
812;2087;1
812;2088;1
812;2089;1
812;2090;1
812;2091;1
812;2092;1
812;2093;1
812;2094;1
812;2095;1
812;2096;1
812;2097;1
812;2098;1
812;2099;1
812;2100;1
812;2101;1
812;2102;1
812;2103;1
812;2104;1
812;2105;1
812;2106;1
812;2107;1
812;2108;1
812;2109;1
812;2110;1
812;2111;1
812;2112;1
812;2113;1
812;2114;1
812;2115;1
812;2116;1
812;2117;1
812;2118;1
812;2119;1
812;2120;1
812;2121;1
812;2122;1
812;2123;1
812;2124;1
812;2125;1
812;2126;1
812;2127;1
812;2128;1
812;2129;1
812;2130;1
812;2131;1
812;2132;1
812;2133;1
812;2134;1
812;2135;1
812;2136;1
812;2137;1
812;2138;1
812;2139;1
812;2140;1
812;2141;1
812;2142;1
812;2143;1
812;2144;1
812;2145;1
812;2146;1
812;2147;1
812;2148;1
812;2149;1
812;2150;1
812;2151;1
812;2152;1
812;2153;1
812;2154;1
812;2155;1
812;2156;1
812;2157;1
812;2158;1
812;2159;1
812;2160;1
812;2161;1
812;2162;1
812;2163;1
812;2164;1
812;2165;1
812;2166;1
812;2167;1
812;2168;1
812;2169;1
812;2170;1
812;2171;1
812;2172;1
812;2173;1
812;2174;1
812;2175;1
812;2176;1
812;2177;1
812;2178;1
812;2179;1
812;2180;1
812;2181;1
812;2182;1
812;2183;1
812;2184;1
812;2185;1
812;2186;1
812;2187;1
812;2188;1
812;2189;1
812;2190;1
812;2191;1
812;2192;1
812;2193;1
812;2194;1
812;2195;1
812;2196;1
812;2197;1
812;2198;1
812;2199;1
812;2200;1
812;2201;1
812;2202;1
812;2203;1
812;2204;1
812;2205;1
812;2206;1
812;2207;1
812;2208;1
812;2209;1
812;2210;1
812;2211;1
812;2212;1
812;2213;1
812;2214;1
812;2215;1
812;2216;1
812;2217;1
812;2218;1
812;2219;1
812;2220;1
812;2221;1
812;2222;1
812;2223;1
812;2224;1
812;2225;1
812;2226;1
812;2227;1
812;2228;1
812;2229;1
812;2230;1
812;2231;1
812;2232;1
812;2233;1
812;2234;1
812;2235;1
812;2236;1
812;2237;1
812;2238;1
812;2239;1
812;2240;1
812;2241;1
812;2242;1
812;2243;1
812;2244;1
812;2245;1
812;2246;1
812;2247;1
812;2248;1
812;2249;1
812;2250;1
812;2251;1
812;2252;1
812;2253;1
812;2254;1
812;2255;1
812;2256;1
812;2257;1
812;2258;1
812;2259;1
812;2260;1
812;2261;1
812;2262;1
812;2263;1
812;2264;1
812;2265;1
812;2266;1
812;2267;1
812;2268;1
812;2269;1
812;2270;1
812;2271;1
812;2272;1
812;2273;1
812;2274;1
812;2275;1
812;2276;1
812;2277;1
812;2278;1
812;2279;1
812;2280;1
812;2281;1
812;2282;1
812;2283;1
812;2284;1
812;2285;1
812;2286;1
812;2287;1
812;2288;1
812;2289;1
812;2290;1
812;2291;1
812;2292;1
812;2293;1
812;2294;1
812;2295;1
812;2296;1
812;2297;1
812;2298;1
812;2299;1
812;2300;1
812;2301;1
812;2302;1
812;2303;1
812;2304;1
812;2305;1
812;2306;1
812;2307;1
812;2308;1
832;1190;1
838;1190;1
843;1190;1
886;1190;1
900;1190;1
903;1190;1
911;1190;1
934;1190;1
935;1190;1
940;1190;1
943;1190;1
956;1190;1
961;1190;1
971;1190;1
979;1190;1
984;1190;1
1005;1190;1
1029;1190;1
1041;1190;1
1060;1190;1
1087;1190;1
1109;1190;1
1190;1196;1
1190;1200;1
1190;1209;1
1190;1219;1
1190;1237;1
1190;1240;1
1190;1301;1
1190;1422;1
1190;1430;1
1190;1455;1
1190;1470;1
1190;1502;1
1190;1708;1
1190;1864;1
1190;1889;1
1190;2017;1
1190;2020;1
1190;2041;1
1190;2125;1
1190;2128;1
1190;2168;1
1190;2181;1
1190;2198;1
1190;2209;1
1190;2210;1
1190;2246;1
1190;2273;1
1190;2279;1
1190;2286;1
1190;2334;1
1190;2403;1
1190;2408;1
1190;2409;1
1190;2410;1
1190;2411;1
1190;2412;1
1190;2413;1
1190;2414;1
